Designator,Mid X,Mid Y,Rotation,Layer
C1,133.75,-55.5,270.0,top
C2,99.5,-61.75,270.0,top
D1,145.0,-97.25,0.0,top
D2,121.75,-97.0,0.0,top
D3,148.0,-90.0,180.0,top
D4,118.0,-90.0,180.0,top
Q1,130.25,-72.75,180.0,top
Q2,105.0,-72.25,180.0,top
Q3,73.224351,-75.979677,270.0,top
Q5,77.0,-76.0,270.0,top
R1,76.0,-80.0,0.0,top
R2,76.0,-81.5,0.0,top
R3,76.0,-83.0,0.0,top
R4,76.0,-84.5,0.0,top
R6,128.0,-52.0,90.0,top
R7,96.0,-74.5,90.0,top
